"0","cocoadf<-data.frame(page=numeric(),txt=character())"
"0","pb <- progress_bar$new("
"0","format = "" Page :page / :total :what [:bar] :percent eta: :eta"","
"0","clear = FALSE, total = length(cocoa), width = 60)"
"0","for (i in 1:length(cocoa)){"
"0","  add<-data.frame(page=i,txt=gsub(""\\r\\n"",' ',x=cocoa[i], perl=T))"
"0","  cocoadf<-rbind(cocoadf,add)"
"0","  pb$tick(tokens=list(what=""Progression :"", page=i, total=length(cocoa)))"
"0","  Sys.sleep(1/100)"
"0","  "
"0","}"
"2",""
"2"," Page 13 / 811 Progression : [---------------]   2% eta: 13s"
"2",""
"2"," Page 14 / 811 Progression : [---------------]   2% eta: 16s"
"2",""
"2"," Page 15 / 811 Progression : [---------------]   2% eta: 17s"
"2",""
"2"," Page 16 / 811 Progression : [---------------]   2% eta: 17s"
"2",""
"2"," Page 17 / 811 Progression : [---------------]   2% eta: 18s"
"2",""
"2"," Page 18 / 811 Progression : [---------------]   2% eta: 19s"
"2",""
"2"," Page 19 / 811 Progression : [---------------]   2% eta: 19s"
"2",""
"2"," Page 20 / 811 Progression : [---------------]   2% eta: 20s"
"2",""
"2"," Page 21 / 811 Progression : [---------------]   3% eta: 20s"
"2",""
"2"," Page 22 / 811 Progression : [---------------]   3% eta: 20s"
"2",""
"2"," Page 23 / 811 Progression : [---------------]   3% eta: 21s"
"2",""
"2"," Page 24 / 811 Progression : [---------------]   3% eta: 21s"
"2",""
"2"," Page 25 / 811 Progression : [---------------]   3% eta: 21s"
"2",""
"2"," Page 26 / 811 Progression : [---------------]   3% eta: 22s"
"2",""
"2"," Page 27 / 811 Progression : [---------------]   3% eta: 22s"
"2",""
"2"," Page 28 / 811 Progression : [>--------------]   3% eta: 23s"
"2",""
"2"," Page 29 / 811 Progression : [>--------------]   4% eta: 23s"
"2",""
"2"," Page 30 / 811 Progression : [>--------------]   4% eta: 23s"
"2",""
"2"," Page 31 / 811 Progression : [>--------------]   4% eta: 23s"
"2",""
"2"," Page 32 / 811 Progression : [>--------------]   4% eta: 24s"
"2",""
"2"," Page 33 / 811 Progression : [>--------------]   4% eta: 25s"
"2",""
"2"," Page 34 / 811 Progression : [>--------------]   4% eta: 25s"
"2",""
"2"," Page 35 / 811 Progression : [>--------------]   4% eta: 25s"
"2",""
"2"," Page 36 / 811 Progression : [>--------------]   4% eta: 25s"
"2",""
"2"," Page 37 / 811 Progression : [>--------------]   5% eta: 25s"
"2",""
"2"," Page 38 / 811 Progression : [>--------------]   5% eta: 25s"
"2",""
"2"," Page 39 / 811 Progression : [>--------------]   5% eta: 25s"
"2",""
"2"," Page 40 / 811 Progression : [>--------------]   5% eta: 25s"
"2",""
"2"," Page 41 / 811 Progression : [>--------------]   5% eta: 25s"
"2",""
"2"," Page 42 / 811 Progression : [>--------------]   5% eta: 26s"
"2",""
"2"," Page 43 / 811 Progression : [>--------------]   5% eta: 26s"
"2",""
"2"," Page 44 / 811 Progression : [>--------------]   5% eta: 26s"
"2",""
"2"," Page 45 / 811 Progression : [>--------------]   6% eta: 26s"
"2",""
"2"," Page 46 / 811 Progression : [>--------------]   6% eta: 26s"
"2",""
"2"," Page 47 / 811 Progression : [>--------------]   6% eta: 26s"
"2",""
"2"," Page 48 / 811 Progression : [>--------------]   6% eta: 26s"
"2",""
"2"," Page 49 / 811 Progression : [>--------------]   6% eta: 27s"
"2",""
"2"," Page 50 / 811 Progression : [>--------------]   6% eta: 27s"
"2",""
"2"," Page 51 / 811 Progression : [>--------------]   6% eta: 27s"
"2",""
"2"," Page 52 / 811 Progression : [>--------------]   6% eta: 27s"
"2",""
"2"," Page 53 / 811 Progression : [>--------------]   7% eta: 27s"
"2",""
"2"," Page 54 / 811 Progression : [>--------------]   7% eta: 27s"
"2",""
"2"," Page 55 / 811 Progression : [>--------------]   7% eta: 27s"
"2",""
"2"," Page 56 / 811 Progression : [>--------------]   7% eta: 27s"
"2",""
"2"," Page 57 / 811 Progression : [>--------------]   7% eta: 27s"
"2",""
"2"," Page 58 / 811 Progression : [>--------------]   7% eta: 27s"
"2",""
"2"," Page 59 / 811 Progression : [>--------------]   7% eta: 27s"
"2",""
"2"," Page 60 / 811 Progression : [>--------------]   7% eta: 27s"
"2",""
"2"," Page 61 / 811 Progression : [>--------------]   8% eta: 27s"
"2",""
"2"," Page 62 / 811 Progression : [>--------------]   8% eta: 27s"
"2",""
"2"," Page 63 / 811 Progression : [>--------------]   8% eta: 27s"
"2",""
"2"," Page 64 / 811 Progression : [>--------------]   8% eta: 28s"
"2",""
"2"," Page 65 / 811 Progression : [>--------------]   8% eta: 28s"
"2",""
"2"," Page 66 / 811 Progression : [>--------------]   8% eta: 28s"
"2",""
"2"," Page 67 / 811 Progression : [>--------------]   8% eta: 28s"
"2",""
"2"," Page 68 / 811 Progression : [>--------------]   8% eta: 28s"
"2",""
"2"," Page 69 / 811 Progression : [>--------------]   9% eta: 28s"
"2",""
"2"," Page 70 / 811 Progression : [>--------------]   9% eta: 28s"
"2",""
"2"," Page 71 / 811 Progression : [>--------------]   9% eta: 28s"
"2",""
"2"," Page 72 / 811 Progression : [>--------------]   9% eta: 28s"
"2",""
"2"," Page 73 / 811 Progression : [>--------------]   9% eta: 28s"
"2",""
"2"," Page 74 / 811 Progression : [>--------------]   9% eta: 28s"
"2",""
"2"," Page 75 / 811 Progression : [>--------------]   9% eta: 28s"
"2",""
"2"," Page 76 / 811 Progression : [>--------------]   9% eta: 28s"
"2",""
"2"," Page 77 / 811 Progression : [>--------------]   9% eta: 28s"
"2",""
"2"," Page 78 / 811 Progression : [>--------------]  10% eta: 28s"
"2",""
"2"," Page 79 / 811 Progression : [>--------------]  10% eta: 28s"
"2",""
"2"," Page 80 / 811 Progression : [>--------------]  10% eta: 28s"
"2",""
"2"," Page 81 / 811 Progression : [>--------------]  10% eta: 28s"
"2",""
"2"," Page 82 / 811 Progression : [=>-------------]  10% eta: 28s"
"2",""
"2"," Page 83 / 811 Progression : [=>-------------]  10% eta: 28s"
"2",""
"2"," Page 84 / 811 Progression : [=>-------------]  10% eta: 28s"
"2",""
"2"," Page 85 / 811 Progression : [=>-------------]  10% eta: 28s"
"2",""
"2"," Page 86 / 811 Progression : [=>-------------]  11% eta: 28s"
"2",""
"2"," Page 87 / 811 Progression : [=>-------------]  11% eta: 28s"
"2",""
"2"," Page 88 / 811 Progression : [=>-------------]  11% eta: 28s"
"2",""
"2"," Page 89 / 811 Progression : [=>-------------]  11% eta: 28s"
"2",""
"2"," Page 90 / 811 Progression : [=>-------------]  11% eta: 28s"
"2",""
"2"," Page 91 / 811 Progression : [=>-------------]  11% eta: 28s"
"2",""
"2"," Page 92 / 811 Progression : [=>-------------]  11% eta: 28s"
"2",""
"2"," Page 93 / 811 Progression : [=>-------------]  11% eta: 28s"
"2",""
"2"," Page 94 / 811 Progression : [=>-------------]  12% eta: 28s"
"2",""
"2"," Page 95 / 811 Progression : [=>-------------]  12% eta: 28s"
"2",""
"2"," Page 96 / 811 Progression : [=>-------------]  12% eta: 28s"
"2",""
"2"," Page 97 / 811 Progression : [=>-------------]  12% eta: 28s"
"2",""
"2"," Page 98 / 811 Progression : [=>-------------]  12% eta: 28s"
"2",""
"2"," Page 99 / 811 Progression : [=>-------------]  12% eta: 28s"
"2",""
"2"," Page 100 / 811 Progression : [=>------------]  12% eta: 28s"
"2",""
"2"," Page 101 / 811 Progression : [=>------------]  12% eta: 28s"
"2",""
"2"," Page 102 / 811 Progression : [=>------------]  13% eta: 28s"
"2",""
"2"," Page 103 / 811 Progression : [=>------------]  13% eta: 28s"
"2",""
"2"," Page 104 / 811 Progression : [=>------------]  13% eta: 28s"
"2",""
"2"," Page 105 / 811 Progression : [=>------------]  13% eta: 28s"
"2",""
"2"," Page 106 / 811 Progression : [=>------------]  13% eta: 28s"
"2",""
"2"," Page 107 / 811 Progression : [=>------------]  13% eta: 28s"
"2",""
"2"," Page 108 / 811 Progression : [=>------------]  13% eta: 28s"
"2",""
"2"," Page 109 / 811 Progression : [=>------------]  13% eta: 28s"
"2",""
"2"," Page 110 / 811 Progression : [=>------------]  14% eta: 28s"
"2",""
"2"," Page 111 / 811 Progression : [=>------------]  14% eta: 28s"
"2",""
"2"," Page 112 / 811 Progression : [=>------------]  14% eta: 28s"
"2",""
"2"," Page 113 / 811 Progression : [=>------------]  14% eta: 28s"
"2",""
"2"," Page 114 / 811 Progression : [=>------------]  14% eta: 28s"
"2",""
"2"," Page 115 / 811 Progression : [=>------------]  14% eta: 28s"
"2",""
"2"," Page 116 / 811 Progression : [=>------------]  14% eta: 28s"
"2",""
"2"," Page 117 / 811 Progression : [=>------------]  14% eta: 28s"
"2",""
"2"," Page 118 / 811 Progression : [=>------------]  15% eta: 28s"
"2",""
"2"," Page 119 / 811 Progression : [=>------------]  15% eta: 28s"
"2",""
"2"," Page 120 / 811 Progression : [=>------------]  15% eta: 28s"
"2",""
"2"," Page 121 / 811 Progression : [=>------------]  15% eta: 28s"
"2",""
"2"," Page 122 / 811 Progression : [=>------------]  15% eta: 28s"
"2",""
"2"," Page 123 / 811 Progression : [=>------------]  15% eta: 28s"
"2",""
"2"," Page 124 / 811 Progression : [=>------------]  15% eta: 28s"
"2",""
"2"," Page 125 / 811 Progression : [=>------------]  15% eta: 28s"
"2",""
"2"," Page 126 / 811 Progression : [=>------------]  16% eta: 28s"
"2",""
"2"," Page 127 / 811 Progression : [=>------------]  16% eta: 28s"
"2",""
"2"," Page 128 / 811 Progression : [=>------------]  16% eta: 28s"
"2",""
"2"," Page 129 / 811 Progression : [=>------------]  16% eta: 28s"
"2",""
"2"," Page 130 / 811 Progression : [=>------------]  16% eta: 28s"
"2",""
"2"," Page 131 / 811 Progression : [=>------------]  16% eta: 28s"
"2",""
"2"," Page 132 / 811 Progression : [=>------------]  16% eta: 28s"
"2",""
"2"," Page 133 / 811 Progression : [=>------------]  16% eta: 28s"
"2",""
"2"," Page 134 / 811 Progression : [=>------------]  17% eta: 28s"
"2",""
"2"," Page 135 / 811 Progression : [=>------------]  17% eta: 28s"
"2",""
"2"," Page 136 / 811 Progression : [=>------------]  17% eta: 28s"
"2",""
"2"," Page 137 / 811 Progression : [=>------------]  17% eta: 28s"
"2",""
"2"," Page 138 / 811 Progression : [=>------------]  17% eta: 28s"
"2",""
"2"," Page 139 / 811 Progression : [=>------------]  17% eta: 28s"
"2",""
"2"," Page 140 / 811 Progression : [=>------------]  17% eta: 28s"
"2",""
"2"," Page 141 / 811 Progression : [=>------------]  17% eta: 28s"
"2",""
"2"," Page 142 / 811 Progression : [=>------------]  18% eta: 28s"
"2",""
"2"," Page 143 / 811 Progression : [=>------------]  18% eta: 28s"
"2",""
"2"," Page 144 / 811 Progression : [=>------------]  18% eta: 28s"
"2",""
"2"," Page 145 / 811 Progression : [==>-----------]  18% eta: 28s"
"2",""
"2"," Page 146 / 811 Progression : [==>-----------]  18% eta: 28s"
"2",""
"2"," Page 147 / 811 Progression : [==>-----------]  18% eta: 28s"
"2",""
"2"," Page 148 / 811 Progression : [==>-----------]  18% eta: 28s"
"2",""
"2"," Page 149 / 811 Progression : [==>-----------]  18% eta: 28s"
"2",""
"2"," Page 150 / 811 Progression : [==>-----------]  18% eta: 28s"
"2",""
"2"," Page 151 / 811 Progression : [==>-----------]  19% eta: 28s"
"2",""
"2"," Page 152 / 811 Progression : [==>-----------]  19% eta: 28s"
"2",""
"2"," Page 153 / 811 Progression : [==>-----------]  19% eta: 28s"
"2",""
"2"," Page 154 / 811 Progression : [==>-----------]  19% eta: 28s"
"2",""
"2"," Page 155 / 811 Progression : [==>-----------]  19% eta: 28s"
"2",""
"2"," Page 156 / 811 Progression : [==>-----------]  19% eta: 28s"
"2",""
"2"," Page 157 / 811 Progression : [==>-----------]  19% eta: 28s"
"2",""
"2"," Page 158 / 811 Progression : [==>-----------]  19% eta: 28s"
"2",""
"2"," Page 159 / 811 Progression : [==>-----------]  20% eta: 28s"
"2",""
"2"," Page 160 / 811 Progression : [==>-----------]  20% eta: 28s"
"2",""
"2"," Page 161 / 811 Progression : [==>-----------]  20% eta: 28s"
"2",""
"2"," Page 162 / 811 Progression : [==>-----------]  20% eta: 28s"
"2",""
"2"," Page 163 / 811 Progression : [==>-----------]  20% eta: 28s"
"2",""
"2"," Page 164 / 811 Progression : [==>-----------]  20% eta: 28s"
"2",""
"2"," Page 165 / 811 Progression : [==>-----------]  20% eta: 28s"
"2",""
"2"," Page 166 / 811 Progression : [==>-----------]  20% eta: 28s"
"2",""
"2"," Page 167 / 811 Progression : [==>-----------]  21% eta: 28s"
"2",""
"2"," Page 168 / 811 Progression : [==>-----------]  21% eta: 28s"
"2",""
"2"," Page 169 / 811 Progression : [==>-----------]  21% eta: 28s"
"2",""
"2"," Page 170 / 811 Progression : [==>-----------]  21% eta: 28s"
"2",""
"2"," Page 171 / 811 Progression : [==>-----------]  21% eta: 28s"
"2",""
"2"," Page 172 / 811 Progression : [==>-----------]  21% eta: 28s"
"2",""
"2"," Page 173 / 811 Progression : [==>-----------]  21% eta: 28s"
"2",""
"2"," Page 174 / 811 Progression : [==>-----------]  21% eta: 28s"
"2",""
"2"," Page 175 / 811 Progression : [==>-----------]  22% eta: 28s"
"2",""
"2"," Page 176 / 811 Progression : [==>-----------]  22% eta: 28s"
"2",""
"2"," Page 177 / 811 Progression : [==>-----------]  22% eta: 28s"
"2",""
"2"," Page 178 / 811 Progression : [==>-----------]  22% eta: 28s"
"2",""
"2"," Page 179 / 811 Progression : [==>-----------]  22% eta: 28s"
"2",""
"2"," Page 180 / 811 Progression : [==>-----------]  22% eta: 28s"
"2",""
"2"," Page 181 / 811 Progression : [==>-----------]  22% eta: 28s"
"2",""
"2"," Page 182 / 811 Progression : [==>-----------]  22% eta: 28s"
"2",""
"2"," Page 183 / 811 Progression : [==>-----------]  23% eta: 28s"
"2",""
"2"," Page 184 / 811 Progression : [==>-----------]  23% eta: 27s"
"2",""
"2"," Page 185 / 811 Progression : [==>-----------]  23% eta: 27s"
"2",""
"2"," Page 186 / 811 Progression : [==>-----------]  23% eta: 27s"
"2",""
"2"," Page 187 / 811 Progression : [==>-----------]  23% eta: 27s"
"2",""
"2"," Page 188 / 811 Progression : [==>-----------]  23% eta: 27s"
"2",""
"2"," Page 189 / 811 Progression : [==>-----------]  23% eta: 27s"
"2",""
"2"," Page 190 / 811 Progression : [==>-----------]  23% eta: 27s"
"2",""
"2"," Page 191 / 811 Progression : [==>-----------]  24% eta: 27s"
"2",""
"2"," Page 192 / 811 Progression : [==>-----------]  24% eta: 27s"
"2",""
"2"," Page 193 / 811 Progression : [==>-----------]  24% eta: 27s"
"2",""
"2"," Page 194 / 811 Progression : [==>-----------]  24% eta: 27s"
"2",""
"2"," Page 195 / 811 Progression : [==>-----------]  24% eta: 27s"
"2",""
"2"," Page 196 / 811 Progression : [==>-----------]  24% eta: 27s"
"2",""
"2"," Page 197 / 811 Progression : [==>-----------]  24% eta: 27s"
"2",""
"2"," Page 198 / 811 Progression : [==>-----------]  24% eta: 27s"
"2",""
"2"," Page 199 / 811 Progression : [==>-----------]  25% eta: 27s"
"2",""
"2"," Page 200 / 811 Progression : [==>-----------]  25% eta: 27s"
"2",""
"2"," Page 201 / 811 Progression : [==>-----------]  25% eta: 27s"
"2",""
"2"," Page 202 / 811 Progression : [==>-----------]  25% eta: 27s"
"2",""
"2"," Page 203 / 811 Progression : [===>----------]  25% eta: 27s"
"2",""
"2"," Page 204 / 811 Progression : [===>----------]  25% eta: 27s"
"2",""
"2"," Page 205 / 811 Progression : [===>----------]  25% eta: 27s"
"2",""
"2"," Page 206 / 811 Progression : [===>----------]  25% eta: 27s"
"2",""
"2"," Page 207 / 811 Progression : [===>----------]  26% eta: 27s"
"2",""
"2"," Page 208 / 811 Progression : [===>----------]  26% eta: 27s"
"2",""
"2"," Page 209 / 811 Progression : [===>----------]  26% eta: 27s"
"2",""
"2"," Page 210 / 811 Progression : [===>----------]  26% eta: 27s"
"2",""
"2"," Page 211 / 811 Progression : [===>----------]  26% eta: 27s"
"2",""
"2"," Page 212 / 811 Progression : [===>----------]  26% eta: 27s"
"2",""
"2"," Page 213 / 811 Progression : [===>----------]  26% eta: 27s"
"2",""
"2"," Page 214 / 811 Progression : [===>----------]  26% eta: 27s"
"2",""
"2"," Page 215 / 811 Progression : [===>----------]  27% eta: 27s"
"2",""
"2"," Page 216 / 811 Progression : [===>----------]  27% eta: 27s"
"2",""
"2"," Page 217 / 811 Progression : [===>----------]  27% eta: 27s"
"2",""
"2"," Page 218 / 811 Progression : [===>----------]  27% eta: 27s"
"2",""
"2"," Page 219 / 811 Progression : [===>----------]  27% eta: 27s"
"2",""
"2"," Page 220 / 811 Progression : [===>----------]  27% eta: 27s"
"2",""
"2"," Page 221 / 811 Progression : [===>----------]  27% eta: 27s"
"2",""
"2"," Page 222 / 811 Progression : [===>----------]  27% eta: 27s"
"2",""
"2"," Page 223 / 811 Progression : [===>----------]  27% eta: 27s"
"2",""
"2"," Page 224 / 811 Progression : [===>----------]  28% eta: 27s"
"2",""
"2"," Page 225 / 811 Progression : [===>----------]  28% eta: 27s"
"2",""
"2"," Page 226 / 811 Progression : [===>----------]  28% eta: 27s"
"2",""
"2"," Page 227 / 811 Progression : [===>----------]  28% eta: 27s"
"2",""
"2"," Page 228 / 811 Progression : [===>----------]  28% eta: 27s"
"2",""
"2"," Page 229 / 811 Progression : [===>----------]  28% eta: 27s"
"2",""
"2"," Page 230 / 811 Progression : [===>----------]  28% eta: 27s"
"2",""
"2"," Page 231 / 811 Progression : [===>----------]  28% eta: 27s"
"2",""
"2"," Page 232 / 811 Progression : [===>----------]  29% eta: 27s"
"2",""
"2"," Page 233 / 811 Progression : [===>----------]  29% eta: 27s"
"2",""
"2"," Page 234 / 811 Progression : [===>----------]  29% eta: 27s"
"2",""
"2"," Page 235 / 811 Progression : [===>----------]  29% eta: 27s"
"2",""
"2"," Page 236 / 811 Progression : [===>----------]  29% eta: 27s"
"2",""
"2"," Page 237 / 811 Progression : [===>----------]  29% eta: 27s"
"2",""
"2"," Page 238 / 811 Progression : [===>----------]  29% eta: 27s"
"2",""
"2"," Page 239 / 811 Progression : [===>----------]  29% eta: 27s"
"2",""
"2"," Page 240 / 811 Progression : [===>----------]  30% eta: 27s"
"2",""
"2"," Page 241 / 811 Progression : [===>----------]  30% eta: 27s"
"2",""
"2"," Page 242 / 811 Progression : [===>----------]  30% eta: 27s"
"2",""
"2"," Page 243 / 811 Progression : [===>----------]  30% eta: 27s"
"2",""
"2"," Page 244 / 811 Progression : [===>----------]  30% eta: 27s"
"2",""
"2"," Page 245 / 811 Progression : [===>----------]  30% eta: 27s"
"2",""
"2"," Page 246 / 811 Progression : [===>----------]  30% eta: 27s"
"2",""
"2"," Page 247 / 811 Progression : [===>----------]  30% eta: 27s"
"2",""
"2"," Page 248 / 811 Progression : [===>----------]  31% eta: 27s"
"2",""
"2"," Page 249 / 811 Progression : [===>----------]  31% eta: 27s"
"2",""
"2"," Page 250 / 811 Progression : [===>----------]  31% eta: 27s"
"2",""
"2"," Page 251 / 811 Progression : [===>----------]  31% eta: 27s"
"2",""
"2"," Page 252 / 811 Progression : [===>----------]  31% eta: 27s"
"2",""
"2"," Page 253 / 811 Progression : [===>----------]  31% eta: 27s"
"2",""
"2"," Page 254 / 811 Progression : [===>----------]  31% eta: 27s"
"2",""
"2"," Page 255 / 811 Progression : [===>----------]  31% eta: 27s"
"2",""
"2"," Page 256 / 811 Progression : [===>----------]  32% eta: 27s"
"2",""
"2"," Page 257 / 811 Progression : [===>----------]  32% eta: 27s"
"2",""
"2"," Page 258 / 811 Progression : [===>----------]  32% eta: 27s"
"2",""
"2"," Page 259 / 811 Progression : [===>----------]  32% eta: 27s"
"2",""
"2"," Page 260 / 811 Progression : [===>----------]  32% eta: 27s"
"2",""
"2"," Page 261 / 811 Progression : [====>---------]  32% eta: 27s"
"2",""
"2"," Page 262 / 811 Progression : [====>---------]  32% eta: 27s"
"2",""
"2"," Page 263 / 811 Progression : [====>---------]  32% eta: 27s"
"2",""
"2"," Page 264 / 811 Progression : [====>---------]  33% eta: 27s"
"2",""
"2"," Page 265 / 811 Progression : [====>---------]  33% eta: 27s"
"2",""
"2"," Page 266 / 811 Progression : [====>---------]  33% eta: 27s"
"2",""
"2"," Page 267 / 811 Progression : [====>---------]  33% eta: 27s"
"2",""
"2"," Page 268 / 811 Progression : [====>---------]  33% eta: 26s"
"2",""
"2"," Page 269 / 811 Progression : [====>---------]  33% eta: 26s"
"2",""
"2"," Page 270 / 811 Progression : [====>---------]  33% eta: 26s"
"2",""
"2"," Page 271 / 811 Progression : [====>---------]  33% eta: 26s"
"2",""
"2"," Page 272 / 811 Progression : [====>---------]  34% eta: 26s"
"2",""
"2"," Page 273 / 811 Progression : [====>---------]  34% eta: 26s"
"2",""
"2"," Page 274 / 811 Progression : [====>---------]  34% eta: 26s"
"2",""
"2"," Page 275 / 811 Progression : [====>---------]  34% eta: 26s"
"2",""
"2"," Page 276 / 811 Progression : [====>---------]  34% eta: 26s"
"2",""
"2"," Page 277 / 811 Progression : [====>---------]  34% eta: 26s"
"2",""
"2"," Page 278 / 811 Progression : [====>---------]  34% eta: 26s"
"2",""
"2"," Page 279 / 811 Progression : [====>---------]  34% eta: 26s"
"2",""
"2"," Page 280 / 811 Progression : [====>---------]  35% eta: 26s"
"2",""
"2"," Page 281 / 811 Progression : [====>---------]  35% eta: 26s"
"2",""
"2"," Page 282 / 811 Progression : [====>---------]  35% eta: 26s"
"2",""
"2"," Page 283 / 811 Progression : [====>---------]  35% eta: 26s"
"2",""
"2"," Page 284 / 811 Progression : [====>---------]  35% eta: 26s"
"2",""
"2"," Page 285 / 811 Progression : [====>---------]  35% eta: 26s"
"2",""
"2"," Page 286 / 811 Progression : [====>---------]  35% eta: 26s"
"2",""
"2"," Page 287 / 811 Progression : [====>---------]  35% eta: 26s"
"2",""
"2"," Page 288 / 811 Progression : [====>---------]  36% eta: 26s"
"2",""
"2"," Page 289 / 811 Progression : [====>---------]  36% eta: 26s"
"2",""
"2"," Page 290 / 811 Progression : [====>---------]  36% eta: 26s"
"2",""
"2"," Page 291 / 811 Progression : [====>---------]  36% eta: 26s"
"2",""
"2"," Page 292 / 811 Progression : [====>---------]  36% eta: 26s"
"2",""
"2"," Page 293 / 811 Progression : [====>---------]  36% eta: 26s"
"2",""
"2"," Page 294 / 811 Progression : [====>---------]  36% eta: 26s"
"2",""
"2"," Page 295 / 811 Progression : [====>---------]  36% eta: 26s"
"2",""
"2"," Page 296 / 811 Progression : [====>---------]  36% eta: 26s"
"2",""
"2"," Page 297 / 811 Progression : [====>---------]  37% eta: 26s"
"2",""
"2"," Page 298 / 811 Progression : [====>---------]  37% eta: 26s"
"2",""
"2"," Page 299 / 811 Progression : [====>---------]  37% eta: 26s"
"2",""
"2"," Page 300 / 811 Progression : [====>---------]  37% eta: 26s"
"2",""
"2"," Page 301 / 811 Progression : [====>---------]  37% eta: 26s"
"2",""
"2"," Page 302 / 811 Progression : [====>---------]  37% eta: 26s"
"2",""
"2"," Page 303 / 811 Progression : [====>---------]  37% eta: 26s"
"2",""
"2"," Page 304 / 811 Progression : [====>---------]  37% eta: 26s"
"2",""
"2"," Page 305 / 811 Progression : [====>---------]  38% eta: 26s"
"2",""
"2"," Page 306 / 811 Progression : [====>---------]  38% eta: 26s"
"2",""
"2"," Page 307 / 811 Progression : [====>---------]  38% eta: 26s"
"2",""
"2"," Page 308 / 811 Progression : [====>---------]  38% eta: 26s"
"2",""
"2"," Page 309 / 811 Progression : [====>---------]  38% eta: 25s"
"2",""
"2"," Page 310 / 811 Progression : [====>---------]  38% eta: 25s"
"2",""
"2"," Page 311 / 811 Progression : [====>---------]  38% eta: 25s"
"2",""
"2"," Page 312 / 811 Progression : [====>---------]  38% eta: 25s"
"2",""
"2"," Page 313 / 811 Progression : [====>---------]  39% eta: 25s"
"2",""
"2"," Page 314 / 811 Progression : [====>---------]  39% eta: 25s"
"2",""
"2"," Page 315 / 811 Progression : [====>---------]  39% eta: 25s"
"2",""
"2"," Page 316 / 811 Progression : [====>---------]  39% eta: 25s"
"2",""
"2"," Page 317 / 811 Progression : [====>---------]  39% eta: 25s"
"2",""
"2"," Page 318 / 811 Progression : [====>---------]  39% eta: 25s"
"2",""
"2"," Page 319 / 811 Progression : [=====>--------]  39% eta: 25s"
"2",""
"2"," Page 320 / 811 Progression : [=====>--------]  39% eta: 25s"
"2",""
"2"," Page 321 / 811 Progression : [=====>--------]  40% eta: 25s"
"2",""
"2"," Page 322 / 811 Progression : [=====>--------]  40% eta: 25s"
"2",""
"2"," Page 323 / 811 Progression : [=====>--------]  40% eta: 25s"
"2",""
"2"," Page 324 / 811 Progression : [=====>--------]  40% eta: 25s"
"2",""
"2"," Page 325 / 811 Progression : [=====>--------]  40% eta: 25s"
"2",""
"2"," Page 326 / 811 Progression : [=====>--------]  40% eta: 25s"
"2",""
"2"," Page 327 / 811 Progression : [=====>--------]  40% eta: 25s"
"2",""
"2"," Page 328 / 811 Progression : [=====>--------]  40% eta: 25s"
"2",""
"2"," Page 329 / 811 Progression : [=====>--------]  41% eta: 25s"
"2",""
"2"," Page 330 / 811 Progression : [=====>--------]  41% eta: 25s"
"2",""
"2"," Page 331 / 811 Progression : [=====>--------]  41% eta: 25s"
"2",""
"2"," Page 332 / 811 Progression : [=====>--------]  41% eta: 25s"
"2",""
"2"," Page 333 / 811 Progression : [=====>--------]  41% eta: 25s"
"2",""
"2"," Page 334 / 811 Progression : [=====>--------]  41% eta: 25s"
"2",""
"2"," Page 335 / 811 Progression : [=====>--------]  41% eta: 25s"
"2",""
"2"," Page 336 / 811 Progression : [=====>--------]  41% eta: 25s"
"2",""
"2"," Page 337 / 811 Progression : [=====>--------]  42% eta: 25s"
"2",""
"2"," Page 338 / 811 Progression : [=====>--------]  42% eta: 25s"
"2",""
"2"," Page 339 / 811 Progression : [=====>--------]  42% eta: 25s"
"2",""
"2"," Page 340 / 811 Progression : [=====>--------]  42% eta: 25s"
"2",""
"2"," Page 341 / 811 Progression : [=====>--------]  42% eta: 25s"
"2",""
"2"," Page 342 / 811 Progression : [=====>--------]  42% eta: 25s"
"2",""
"2"," Page 343 / 811 Progression : [=====>--------]  42% eta: 24s"
"2",""
"2"," Page 344 / 811 Progression : [=====>--------]  42% eta: 24s"
"2",""
"2"," Page 345 / 811 Progression : [=====>--------]  43% eta: 24s"
"2",""
"2"," Page 346 / 811 Progression : [=====>--------]  43% eta: 24s"
"2",""
"2"," Page 347 / 811 Progression : [=====>--------]  43% eta: 24s"
"2",""
"2"," Page 348 / 811 Progression : [=====>--------]  43% eta: 24s"
"2",""
"2"," Page 349 / 811 Progression : [=====>--------]  43% eta: 24s"
"2",""
"2"," Page 350 / 811 Progression : [=====>--------]  43% eta: 24s"
"2",""
"2"," Page 351 / 811 Progression : [=====>--------]  43% eta: 24s"
"2",""
"2"," Page 352 / 811 Progression : [=====>--------]  43% eta: 24s"
"2",""
"2"," Page 353 / 811 Progression : [=====>--------]  44% eta: 24s"
"2",""
"2"," Page 354 / 811 Progression : [=====>--------]  44% eta: 24s"
"2",""
"2"," Page 355 / 811 Progression : [=====>--------]  44% eta: 24s"
"2",""
"2"," Page 356 / 811 Progression : [=====>--------]  44% eta: 24s"
"2",""
"2"," Page 357 / 811 Progression : [=====>--------]  44% eta: 24s"
"2",""
"2"," Page 358 / 811 Progression : [=====>--------]  44% eta: 24s"
"2",""
"2"," Page 359 / 811 Progression : [=====>--------]  44% eta: 24s"
"2",""
"2"," Page 360 / 811 Progression : [=====>--------]  44% eta: 24s"
"2",""
"2"," Page 361 / 811 Progression : [=====>--------]  45% eta: 24s"
"2",""
"2"," Page 362 / 811 Progression : [=====>--------]  45% eta: 24s"
"2",""
"2"," Page 363 / 811 Progression : [=====>--------]  45% eta: 24s"
"2",""
"2"," Page 364 / 811 Progression : [=====>--------]  45% eta: 24s"
"2",""
"2"," Page 365 / 811 Progression : [=====>--------]  45% eta: 24s"
"2",""
"2"," Page 366 / 811 Progression : [=====>--------]  45% eta: 24s"
"2",""
"2"," Page 367 / 811 Progression : [=====>--------]  45% eta: 24s"
"2",""
"2"," Page 368 / 811 Progression : [=====>--------]  45% eta: 24s"
"2",""
"2"," Page 369 / 811 Progression : [=====>--------]  45% eta: 24s"
"2",""
"2"," Page 370 / 811 Progression : [=====>--------]  46% eta: 24s"
"2",""
"2"," Page 371 / 811 Progression : [=====>--------]  46% eta: 23s"
"2",""
"2"," Page 372 / 811 Progression : [=====>--------]  46% eta: 23s"
"2",""
"2"," Page 373 / 811 Progression : [=====>--------]  46% eta: 23s"
"2",""
"2"," Page 374 / 811 Progression : [=====>--------]  46% eta: 23s"
"2",""
"2"," Page 375 / 811 Progression : [=====>--------]  46% eta: 23s"
"2",""
"2"," Page 376 / 811 Progression : [=====>--------]  46% eta: 23s"
"2",""
"2"," Page 377 / 811 Progression : [======>-------]  46% eta: 23s"
"2",""
"2"," Page 378 / 811 Progression : [======>-------]  47% eta: 23s"
"2",""
"2"," Page 379 / 811 Progression : [======>-------]  47% eta: 23s"
"2",""
"2"," Page 380 / 811 Progression : [======>-------]  47% eta: 23s"
"2",""
"2"," Page 381 / 811 Progression : [======>-------]  47% eta: 23s"
"2",""
"2"," Page 382 / 811 Progression : [======>-------]  47% eta: 23s"
"2",""
"2"," Page 383 / 811 Progression : [======>-------]  47% eta: 23s"
"2",""
"2"," Page 384 / 811 Progression : [======>-------]  47% eta: 23s"
"2",""
"2"," Page 385 / 811 Progression : [======>-------]  47% eta: 23s"
"2",""
"2"," Page 386 / 811 Progression : [======>-------]  48% eta: 23s"
"2",""
"2"," Page 387 / 811 Progression : [======>-------]  48% eta: 23s"
"2",""
"2"," Page 388 / 811 Progression : [======>-------]  48% eta: 23s"
"2",""
"2"," Page 389 / 811 Progression : [======>-------]  48% eta: 23s"
"2",""
"2"," Page 390 / 811 Progression : [======>-------]  48% eta: 23s"
"2",""
"2"," Page 391 / 811 Progression : [======>-------]  48% eta: 23s"
"2",""
"2"," Page 392 / 811 Progression : [======>-------]  48% eta: 23s"
"2",""
"2"," Page 393 / 811 Progression : [======>-------]  48% eta: 23s"
"2",""
"2"," Page 394 / 811 Progression : [======>-------]  49% eta: 23s"
"2",""
"2"," Page 395 / 811 Progression : [======>-------]  49% eta: 23s"
"2",""
"2"," Page 396 / 811 Progression : [======>-------]  49% eta: 23s"
"2",""
"2"," Page 397 / 811 Progression : [======>-------]  49% eta: 23s"
"2",""
"2"," Page 398 / 811 Progression : [======>-------]  49% eta: 23s"
"2",""
"2"," Page 399 / 811 Progression : [======>-------]  49% eta: 22s"
"2",""
"2"," Page 400 / 811 Progression : [======>-------]  49% eta: 22s"
"2",""
"2"," Page 401 / 811 Progression : [======>-------]  49% eta: 22s"
"2",""
"2"," Page 402 / 811 Progression : [======>-------]  50% eta: 22s"
"2",""
"2"," Page 403 / 811 Progression : [======>-------]  50% eta: 22s"
"2",""
"2"," Page 404 / 811 Progression : [======>-------]  50% eta: 22s"
"2",""
"2"," Page 405 / 811 Progression : [======>-------]  50% eta: 22s"
"2",""
"2"," Page 406 / 811 Progression : [======>-------]  50% eta: 22s"
"2",""
"2"," Page 407 / 811 Progression : [======>-------]  50% eta: 22s"
"2",""
"2"," Page 408 / 811 Progression : [======>-------]  50% eta: 22s"
"2",""
"2"," Page 409 / 811 Progression : [======>-------]  50% eta: 22s"
"2",""
"2"," Page 410 / 811 Progression : [======>-------]  51% eta: 22s"
"2",""
"2"," Page 411 / 811 Progression : [======>-------]  51% eta: 22s"
"2",""
"2"," Page 412 / 811 Progression : [======>-------]  51% eta: 22s"
"2",""
"2"," Page 413 / 811 Progression : [======>-------]  51% eta: 22s"
"2",""
"2"," Page 414 / 811 Progression : [======>-------]  51% eta: 22s"
"2",""
"2"," Page 415 / 811 Progression : [======>-------]  51% eta: 22s"
"2",""
"2"," Page 416 / 811 Progression : [======>-------]  51% eta: 22s"
"2",""
"2"," Page 417 / 811 Progression : [======>-------]  51% eta: 22s"
"2",""
"2"," Page 418 / 811 Progression : [======>-------]  52% eta: 22s"
"2",""
"2"," Page 419 / 811 Progression : [======>-------]  52% eta: 22s"
"2",""
"2"," Page 420 / 811 Progression : [======>-------]  52% eta: 22s"
"2",""
"2"," Page 421 / 811 Progression : [======>-------]  52% eta: 22s"
"2",""
"2"," Page 422 / 811 Progression : [======>-------]  52% eta: 22s"
"2",""
"2"," Page 423 / 811 Progression : [======>-------]  52% eta: 22s"
"2",""
"2"," Page 424 / 811 Progression : [======>-------]  52% eta: 22s"
"2",""
"2"," Page 425 / 811 Progression : [======>-------]  52% eta: 22s"
"2",""
"2"," Page 426 / 811 Progression : [======>-------]  53% eta: 21s"
"2",""
"2"," Page 427 / 811 Progression : [======>-------]  53% eta: 21s"
"2",""
"2"," Page 428 / 811 Progression : [======>-------]  53% eta: 21s"
"2",""
"2"," Page 429 / 811 Progression : [======>-------]  53% eta: 21s"
"2",""
"2"," Page 430 / 811 Progression : [======>-------]  53% eta: 21s"
"2",""
"2"," Page 431 / 811 Progression : [======>-------]  53% eta: 21s"
"2",""
"2"," Page 432 / 811 Progression : [======>-------]  53% eta: 21s"
"2",""
"2"," Page 433 / 811 Progression : [======>-------]  53% eta: 21s"
"2",""
"2"," Page 434 / 811 Progression : [======>-------]  54% eta: 21s"
"2",""
"2"," Page 435 / 811 Progression : [=======>------]  54% eta: 21s"
"2",""
"2"," Page 436 / 811 Progression : [=======>------]  54% eta: 21s"
"2",""
"2"," Page 437 / 811 Progression : [=======>------]  54% eta: 21s"
"2",""
"2"," Page 438 / 811 Progression : [=======>------]  54% eta: 21s"
"2",""
"2"," Page 439 / 811 Progression : [=======>------]  54% eta: 21s"
"2",""
"2"," Page 440 / 811 Progression : [=======>------]  54% eta: 21s"
"2",""
"2"," Page 441 / 811 Progression : [=======>------]  54% eta: 21s"
"2",""
"2"," Page 442 / 811 Progression : [=======>------]  55% eta: 21s"
"2",""
"2"," Page 443 / 811 Progression : [=======>------]  55% eta: 21s"
"2",""
"2"," Page 444 / 811 Progression : [=======>------]  55% eta: 21s"
"2",""
"2"," Page 445 / 811 Progression : [=======>------]  55% eta: 21s"
"2",""
"2"," Page 446 / 811 Progression : [=======>------]  55% eta: 21s"
"2",""
"2"," Page 447 / 811 Progression : [=======>------]  55% eta: 21s"
"2",""
"2"," Page 448 / 811 Progression : [=======>------]  55% eta: 21s"
"2",""
"2"," Page 449 / 811 Progression : [=======>------]  55% eta: 21s"
"2",""
"2"," Page 450 / 811 Progression : [=======>------]  55% eta: 21s"
"2",""
"2"," Page 451 / 811 Progression : [=======>------]  56% eta: 20s"
"2",""
"2"," Page 452 / 811 Progression : [=======>------]  56% eta: 20s"
"2",""
"2"," Page 453 / 811 Progression : [=======>------]  56% eta: 20s"
"2",""
"2"," Page 454 / 811 Progression : [=======>------]  56% eta: 20s"
"2",""
"2"," Page 455 / 811 Progression : [=======>------]  56% eta: 20s"
"2",""
"2"," Page 456 / 811 Progression : [=======>------]  56% eta: 20s"
"2",""
"2"," Page 457 / 811 Progression : [=======>------]  56% eta: 20s"
"2",""
"2"," Page 458 / 811 Progression : [=======>------]  56% eta: 20s"
"2",""
"2"," Page 459 / 811 Progression : [=======>------]  57% eta: 20s"
"2",""
"2"," Page 460 / 811 Progression : [=======>------]  57% eta: 20s"
"2",""
"2"," Page 461 / 811 Progression : [=======>------]  57% eta: 20s"
"2",""
"2"," Page 462 / 811 Progression : [=======>------]  57% eta: 20s"
"2",""
"2"," Page 463 / 811 Progression : [=======>------]  57% eta: 20s"
"2",""
"2"," Page 464 / 811 Progression : [=======>------]  57% eta: 20s"
"2",""
"2"," Page 465 / 811 Progression : [=======>------]  57% eta: 20s"
"2",""
"2"," Page 466 / 811 Progression : [=======>------]  57% eta: 20s"
"2",""
"2"," Page 467 / 811 Progression : [=======>------]  58% eta: 20s"
"2",""
"2"," Page 468 / 811 Progression : [=======>------]  58% eta: 20s"
"2",""
"2"," Page 469 / 811 Progression : [=======>------]  58% eta: 20s"
"2",""
"2"," Page 470 / 811 Progression : [=======>------]  58% eta: 20s"
"2",""
"2"," Page 471 / 811 Progression : [=======>------]  58% eta: 20s"
"2",""
"2"," Page 472 / 811 Progression : [=======>------]  58% eta: 20s"
"2",""
"2"," Page 473 / 811 Progression : [=======>------]  58% eta: 20s"
"2",""
"2"," Page 474 / 811 Progression : [=======>------]  58% eta: 19s"
"2",""
"2"," Page 475 / 811 Progression : [=======>------]  59% eta: 19s"
"2",""
"2"," Page 476 / 811 Progression : [=======>------]  59% eta: 19s"
"2",""
"2"," Page 477 / 811 Progression : [=======>------]  59% eta: 19s"
"2",""
"2"," Page 478 / 811 Progression : [=======>------]  59% eta: 19s"
"2",""
"2"," Page 479 / 811 Progression : [=======>------]  59% eta: 19s"
"2",""
"2"," Page 480 / 811 Progression : [=======>------]  59% eta: 19s"
"2",""
"2"," Page 481 / 811 Progression : [=======>------]  59% eta: 19s"
"2",""
"2"," Page 482 / 811 Progression : [=======>------]  59% eta: 19s"
"2",""
"2"," Page 483 / 811 Progression : [=======>------]  60% eta: 19s"
"2",""
"2"," Page 484 / 811 Progression : [=======>------]  60% eta: 19s"
"2",""
"2"," Page 485 / 811 Progression : [=======>------]  60% eta: 19s"
"2",""
"2"," Page 486 / 811 Progression : [=======>------]  60% eta: 19s"
"2",""
"2"," Page 487 / 811 Progression : [=======>------]  60% eta: 19s"
"2",""
"2"," Page 488 / 811 Progression : [=======>------]  60% eta: 19s"
"2",""
"2"," Page 489 / 811 Progression : [=======>------]  60% eta: 19s"
"2",""
"2"," Page 490 / 811 Progression : [=======>------]  60% eta: 19s"
"2",""
"2"," Page 491 / 811 Progression : [=======>------]  61% eta: 19s"
"2",""
"2"," Page 492 / 811 Progression : [=======>------]  61% eta: 19s"
"2",""
"2"," Page 493 / 811 Progression : [========>-----]  61% eta: 19s"
"2",""
"2"," Page 494 / 811 Progression : [========>-----]  61% eta: 19s"
"2",""
"2"," Page 495 / 811 Progression : [========>-----]  61% eta: 19s"
"2",""
"2"," Page 496 / 811 Progression : [========>-----]  61% eta: 19s"
"2",""
"2"," Page 497 / 811 Progression : [========>-----]  61% eta: 18s"
"2",""
"2"," Page 498 / 811 Progression : [========>-----]  61% eta: 18s"
"2",""
"2"," Page 499 / 811 Progression : [========>-----]  62% eta: 18s"
"2",""
"2"," Page 500 / 811 Progression : [========>-----]  62% eta: 18s"
"2",""
"2"," Page 501 / 811 Progression : [========>-----]  62% eta: 18s"
"2",""
"2"," Page 502 / 811 Progression : [========>-----]  62% eta: 18s"
"2",""
"2"," Page 503 / 811 Progression : [========>-----]  62% eta: 18s"
"2",""
"2"," Page 504 / 811 Progression : [========>-----]  62% eta: 18s"
"2",""
"2"," Page 505 / 811 Progression : [========>-----]  62% eta: 18s"
"2",""
"2"," Page 506 / 811 Progression : [========>-----]  62% eta: 18s"
"2",""
"2"," Page 507 / 811 Progression : [========>-----]  63% eta: 18s"
"2",""
"2"," Page 508 / 811 Progression : [========>-----]  63% eta: 18s"
"2",""
"2"," Page 509 / 811 Progression : [========>-----]  63% eta: 18s"
"2",""
"2"," Page 510 / 811 Progression : [========>-----]  63% eta: 18s"
"2",""
"2"," Page 511 / 811 Progression : [========>-----]  63% eta: 18s"
"2",""
"2"," Page 512 / 811 Progression : [========>-----]  63% eta: 18s"
"2",""
"2"," Page 513 / 811 Progression : [========>-----]  63% eta: 18s"
"2",""
"2"," Page 514 / 811 Progression : [========>-----]  63% eta: 18s"
"2",""
"2"," Page 515 / 811 Progression : [========>-----]  64% eta: 18s"
"2",""
"2"," Page 516 / 811 Progression : [========>-----]  64% eta: 18s"
"2",""
"2"," Page 517 / 811 Progression : [========>-----]  64% eta: 18s"
"2",""
"2"," Page 518 / 811 Progression : [========>-----]  64% eta: 18s"
"2",""
"2"," Page 519 / 811 Progression : [========>-----]  64% eta: 18s"
"2",""
"2"," Page 520 / 811 Progression : [========>-----]  64% eta: 18s"
"2",""
"2"," Page 521 / 811 Progression : [========>-----]  64% eta: 18s"
"2",""
"2"," Page 522 / 811 Progression : [========>-----]  64% eta: 18s"
"2",""
"2"," Page 523 / 811 Progression : [========>-----]  64% eta: 17s"
"2",""
"2"," Page 524 / 811 Progression : [========>-----]  65% eta: 17s"
"2",""
"2"," Page 525 / 811 Progression : [========>-----]  65% eta: 17s"
"2",""
"2"," Page 526 / 811 Progression : [========>-----]  65% eta: 17s"
"2",""
"2"," Page 527 / 811 Progression : [========>-----]  65% eta: 17s"
"2",""
"2"," Page 528 / 811 Progression : [========>-----]  65% eta: 17s"
"2",""
"2"," Page 529 / 811 Progression : [========>-----]  65% eta: 17s"
"2",""
"2"," Page 530 / 811 Progression : [========>-----]  65% eta: 17s"
"2",""
"2"," Page 531 / 811 Progression : [========>-----]  65% eta: 17s"
"2",""
"2"," Page 532 / 811 Progression : [========>-----]  66% eta: 17s"
"2",""
"2"," Page 533 / 811 Progression : [========>-----]  66% eta: 17s"
"2",""
"2"," Page 534 / 811 Progression : [========>-----]  66% eta: 17s"
"2",""
"2"," Page 535 / 811 Progression : [========>-----]  66% eta: 17s"
"2",""
"2"," Page 536 / 811 Progression : [========>-----]  66% eta: 17s"
"2",""
"2"," Page 537 / 811 Progression : [========>-----]  66% eta: 17s"
"2",""
"2"," Page 538 / 811 Progression : [========>-----]  66% eta: 17s"
"2",""
"2"," Page 539 / 811 Progression : [========>-----]  66% eta: 17s"
"2",""
"2"," Page 540 / 811 Progression : [========>-----]  67% eta: 17s"
"2",""
"2"," Page 541 / 811 Progression : [========>-----]  67% eta: 17s"
"2",""
"2"," Page 542 / 811 Progression : [========>-----]  67% eta: 17s"
"2",""
"2"," Page 543 / 811 Progression : [========>-----]  67% eta: 17s"
"2",""
"2"," Page 544 / 811 Progression : [========>-----]  67% eta: 17s"
"2",""
"2"," Page 545 / 811 Progression : [========>-----]  67% eta: 16s"
"2",""
"2"," Page 546 / 811 Progression : [========>-----]  67% eta: 16s"
"2",""
"2"," Page 547 / 811 Progression : [========>-----]  67% eta: 16s"
"2",""
"2"," Page 548 / 811 Progression : [========>-----]  68% eta: 16s"
"2",""
"2"," Page 549 / 811 Progression : [========>-----]  68% eta: 16s"
"2",""
"2"," Page 550 / 811 Progression : [========>-----]  68% eta: 16s"
"2",""
"2"," Page 551 / 811 Progression : [=========>----]  68% eta: 16s"
"2",""
"2"," Page 552 / 811 Progression : [=========>----]  68% eta: 16s"
"2",""
"2"," Page 553 / 811 Progression : [=========>----]  68% eta: 16s"
"2",""
"2"," Page 554 / 811 Progression : [=========>----]  68% eta: 16s"
"2",""
"2"," Page 555 / 811 Progression : [=========>----]  68% eta: 16s"
"2",""
"2"," Page 556 / 811 Progression : [=========>----]  69% eta: 16s"
"2",""
"2"," Page 557 / 811 Progression : [=========>----]  69% eta: 16s"
"2",""
"2"," Page 558 / 811 Progression : [=========>----]  69% eta: 16s"
"2",""
"2"," Page 559 / 811 Progression : [=========>----]  69% eta: 16s"
"2",""
"2"," Page 560 / 811 Progression : [=========>----]  69% eta: 16s"
"2",""
"2"," Page 561 / 811 Progression : [=========>----]  69% eta: 16s"
"2",""
"2"," Page 562 / 811 Progression : [=========>----]  69% eta: 16s"
"2",""
"2"," Page 563 / 811 Progression : [=========>----]  69% eta: 16s"
"2",""
"2"," Page 564 / 811 Progression : [=========>----]  70% eta: 16s"
"2",""
"2"," Page 565 / 811 Progression : [=========>----]  70% eta: 15s"
"2",""
"2"," Page 566 / 811 Progression : [=========>----]  70% eta: 15s"
"2",""
"2"," Page 567 / 811 Progression : [=========>----]  70% eta: 15s"
"2",""
"2"," Page 568 / 811 Progression : [=========>----]  70% eta: 15s"
"2",""
"2"," Page 569 / 811 Progression : [=========>----]  70% eta: 15s"
"2",""
"2"," Page 570 / 811 Progression : [=========>----]  70% eta: 15s"
"2",""
"2"," Page 571 / 811 Progression : [=========>----]  70% eta: 15s"
"2",""
"2"," Page 572 / 811 Progression : [=========>----]  71% eta: 15s"
"2",""
"2"," Page 573 / 811 Progression : [=========>----]  71% eta: 15s"
"2",""
"2"," Page 574 / 811 Progression : [=========>----]  71% eta: 15s"
"2",""
"2"," Page 575 / 811 Progression : [=========>----]  71% eta: 15s"
"2",""
"2"," Page 576 / 811 Progression : [=========>----]  71% eta: 15s"
"2",""
"2"," Page 577 / 811 Progression : [=========>----]  71% eta: 15s"
"2",""
"2"," Page 578 / 811 Progression : [=========>----]  71% eta: 15s"
"2",""
"2"," Page 579 / 811 Progression : [=========>----]  71% eta: 15s"
"2",""
"2"," Page 580 / 811 Progression : [=========>----]  72% eta: 15s"
"2",""
"2"," Page 581 / 811 Progression : [=========>----]  72% eta: 15s"
"2",""
"2"," Page 582 / 811 Progression : [=========>----]  72% eta: 15s"
"2",""
"2"," Page 583 / 811 Progression : [=========>----]  72% eta: 14s"
"2",""
"2"," Page 584 / 811 Progression : [=========>----]  72% eta: 14s"
"2",""
"2"," Page 585 / 811 Progression : [=========>----]  72% eta: 14s"
"2",""
"2"," Page 586 / 811 Progression : [=========>----]  72% eta: 14s"
"2",""
"2"," Page 587 / 811 Progression : [=========>----]  72% eta: 14s"
"2",""
"2"," Page 588 / 811 Progression : [=========>----]  73% eta: 14s"
"2",""
"2"," Page 589 / 811 Progression : [=========>----]  73% eta: 14s"
"2",""
"2"," Page 590 / 811 Progression : [=========>----]  73% eta: 14s"
"2",""
"2"," Page 591 / 811 Progression : [=========>----]  73% eta: 14s"
"2",""
"2"," Page 592 / 811 Progression : [=========>----]  73% eta: 14s"
"2",""
"2"," Page 593 / 811 Progression : [=========>----]  73% eta: 14s"
"2",""
"2"," Page 594 / 811 Progression : [=========>----]  73% eta: 14s"
"2",""
"2"," Page 595 / 811 Progression : [=========>----]  73% eta: 14s"
"2",""
"2"," Page 596 / 811 Progression : [=========>----]  73% eta: 14s"
"2",""
"2"," Page 597 / 811 Progression : [=========>----]  74% eta: 14s"
"2",""
"2"," Page 598 / 811 Progression : [=========>----]  74% eta: 14s"
"2",""
"2"," Page 599 / 811 Progression : [=========>----]  74% eta: 14s"
"2",""
"2"," Page 600 / 811 Progression : [=========>----]  74% eta: 14s"
"2",""
"2"," Page 601 / 811 Progression : [=========>----]  74% eta: 14s"
"2",""
"2"," Page 602 / 811 Progression : [=========>----]  74% eta: 14s"
"2",""
"2"," Page 603 / 811 Progression : [=========>----]  74% eta: 13s"
"2",""
"2"," Page 604 / 811 Progression : [=========>----]  74% eta: 13s"
"2",""
"2"," Page 605 / 811 Progression : [=========>----]  75% eta: 13s"
"2",""
"2"," Page 606 / 811 Progression : [=========>----]  75% eta: 13s"
"2",""
"2"," Page 607 / 811 Progression : [=========>----]  75% eta: 13s"
"2",""
"2"," Page 608 / 811 Progression : [=========>----]  75% eta: 13s"
"2",""
"2"," Page 609 / 811 Progression : [==========>---]  75% eta: 13s"
"2",""
"2"," Page 610 / 811 Progression : [==========>---]  75% eta: 13s"
"2",""
"2"," Page 611 / 811 Progression : [==========>---]  75% eta: 13s"
"2",""
"2"," Page 612 / 811 Progression : [==========>---]  75% eta: 13s"
"2",""
"2"," Page 613 / 811 Progression : [==========>---]  76% eta: 13s"
"2",""
"2"," Page 614 / 811 Progression : [==========>---]  76% eta: 13s"
"2",""
"2"," Page 615 / 811 Progression : [==========>---]  76% eta: 13s"
"2",""
"2"," Page 616 / 811 Progression : [==========>---]  76% eta: 13s"
"2",""
"2"," Page 617 / 811 Progression : [==========>---]  76% eta: 13s"
"2",""
"2"," Page 618 / 811 Progression : [==========>---]  76% eta: 13s"
"2",""
"2"," Page 619 / 811 Progression : [==========>---]  76% eta: 13s"
"2",""
"2"," Page 620 / 811 Progression : [==========>---]  76% eta: 13s"
"2",""
"2"," Page 621 / 811 Progression : [==========>---]  77% eta: 12s"
"2",""
"2"," Page 622 / 811 Progression : [==========>---]  77% eta: 12s"
"2",""
"2"," Page 623 / 811 Progression : [==========>---]  77% eta: 12s"
"2",""
"2"," Page 624 / 811 Progression : [==========>---]  77% eta: 12s"
"2",""
"2"," Page 625 / 811 Progression : [==========>---]  77% eta: 12s"
"2",""
"2"," Page 626 / 811 Progression : [==========>---]  77% eta: 12s"
"2",""
"2"," Page 627 / 811 Progression : [==========>---]  77% eta: 12s"
"2",""
"2"," Page 628 / 811 Progression : [==========>---]  77% eta: 12s"
"2",""
"2"," Page 629 / 811 Progression : [==========>---]  78% eta: 12s"
"2",""
"2"," Page 630 / 811 Progression : [==========>---]  78% eta: 12s"
"2",""
"2"," Page 631 / 811 Progression : [==========>---]  78% eta: 12s"
"2",""
"2"," Page 632 / 811 Progression : [==========>---]  78% eta: 12s"
"2",""
"2"," Page 633 / 811 Progression : [==========>---]  78% eta: 12s"
"2",""
"2"," Page 634 / 811 Progression : [==========>---]  78% eta: 12s"
"2",""
"2"," Page 635 / 811 Progression : [==========>---]  78% eta: 12s"
"2",""
"2"," Page 636 / 811 Progression : [==========>---]  78% eta: 12s"
"2",""
"2"," Page 637 / 811 Progression : [==========>---]  79% eta: 12s"
"2",""
"2"," Page 638 / 811 Progression : [==========>---]  79% eta: 11s"
"2",""
"2"," Page 639 / 811 Progression : [==========>---]  79% eta: 11s"
"2",""
"2"," Page 640 / 811 Progression : [==========>---]  79% eta: 11s"
"2",""
"2"," Page 641 / 811 Progression : [==========>---]  79% eta: 11s"
"2",""
"2"," Page 642 / 811 Progression : [==========>---]  79% eta: 11s"
"2",""
"2"," Page 643 / 811 Progression : [==========>---]  79% eta: 11s"
"2",""
"2"," Page 644 / 811 Progression : [==========>---]  79% eta: 11s"
"2",""
"2"," Page 645 / 811 Progression : [==========>---]  80% eta: 11s"
"2",""
"2"," Page 646 / 811 Progression : [==========>---]  80% eta: 11s"
"2",""
"2"," Page 647 / 811 Progression : [==========>---]  80% eta: 11s"
"2",""
"2"," Page 648 / 811 Progression : [==========>---]  80% eta: 11s"
"2",""
"2"," Page 649 / 811 Progression : [==========>---]  80% eta: 11s"
"2",""
"2"," Page 650 / 811 Progression : [==========>---]  80% eta: 11s"
"2",""
"2"," Page 651 / 811 Progression : [==========>---]  80% eta: 11s"
"2",""
"2"," Page 652 / 811 Progression : [==========>---]  80% eta: 11s"
"2",""
"2"," Page 653 / 811 Progression : [==========>---]  81% eta: 11s"
"2",""
"2"," Page 654 / 811 Progression : [==========>---]  81% eta: 11s"
"2",""
"2"," Page 655 / 811 Progression : [==========>---]  81% eta: 10s"
"2",""
"2"," Page 656 / 811 Progression : [==========>---]  81% eta: 10s"
"2",""
"2"," Page 657 / 811 Progression : [==========>---]  81% eta: 10s"
"2",""
"2"," Page 658 / 811 Progression : [==========>---]  81% eta: 10s"
"2",""
"2"," Page 659 / 811 Progression : [==========>---]  81% eta: 10s"
"2",""
"2"," Page 660 / 811 Progression : [==========>---]  81% eta: 10s"
"2",""
"2"," Page 661 / 811 Progression : [==========>---]  82% eta: 10s"
"2",""
"2"," Page 662 / 811 Progression : [==========>---]  82% eta: 10s"
"2",""
"2"," Page 663 / 811 Progression : [==========>---]  82% eta: 10s"
"2",""
"2"," Page 664 / 811 Progression : [==========>---]  82% eta: 10s"
"2",""
"2"," Page 665 / 811 Progression : [==========>---]  82% eta: 10s"
"2",""
"2"," Page 666 / 811 Progression : [==========>---]  82% eta: 10s"
"2",""
"2"," Page 667 / 811 Progression : [===========>--]  82% eta: 10s"
"2",""
"2"," Page 668 / 811 Progression : [===========>--]  82% eta: 10s"
"2",""
"2"," Page 669 / 811 Progression : [===========>--]  82% eta: 10s"
"2",""
"2"," Page 670 / 811 Progression : [===========>--]  83% eta: 10s"
"2",""
"2"," Page 671 / 811 Progression : [===========>--]  83% eta:  9s"
"2",""
"2"," Page 672 / 811 Progression : [===========>--]  83% eta:  9s"
"2",""
"2"," Page 673 / 811 Progression : [===========>--]  83% eta:  9s"
"2",""
"2"," Page 674 / 811 Progression : [===========>--]  83% eta:  9s"
"2",""
"2"," Page 675 / 811 Progression : [===========>--]  83% eta:  9s"
"2",""
"2"," Page 676 / 811 Progression : [===========>--]  83% eta:  9s"
"2",""
"2"," Page 677 / 811 Progression : [===========>--]  83% eta:  9s"
"2",""
"2"," Page 678 / 811 Progression : [===========>--]  84% eta:  9s"
"2",""
"2"," Page 679 / 811 Progression : [===========>--]  84% eta:  9s"
"2",""
"2"," Page 680 / 811 Progression : [===========>--]  84% eta:  9s"
"2",""
"2"," Page 681 / 811 Progression : [===========>--]  84% eta:  9s"
"2",""
"2"," Page 682 / 811 Progression : [===========>--]  84% eta:  9s"
"2",""
"2"," Page 683 / 811 Progression : [===========>--]  84% eta:  9s"
"2",""
"2"," Page 684 / 811 Progression : [===========>--]  84% eta:  9s"
"2",""
"2"," Page 685 / 811 Progression : [===========>--]  84% eta:  9s"
"2",""
"2"," Page 686 / 811 Progression : [===========>--]  85% eta:  9s"
"2",""
"2"," Page 687 / 811 Progression : [===========>--]  85% eta:  8s"
"2",""
"2"," Page 688 / 811 Progression : [===========>--]  85% eta:  8s"
"2",""
"2"," Page 689 / 811 Progression : [===========>--]  85% eta:  8s"
"2",""
"2"," Page 690 / 811 Progression : [===========>--]  85% eta:  8s"
"2",""
"2"," Page 691 / 811 Progression : [===========>--]  85% eta:  8s"
"2",""
"2"," Page 692 / 811 Progression : [===========>--]  85% eta:  8s"
"2",""
"2"," Page 693 / 811 Progression : [===========>--]  85% eta:  8s"
"2",""
"2"," Page 694 / 811 Progression : [===========>--]  86% eta:  8s"
"2",""
"2"," Page 695 / 811 Progression : [===========>--]  86% eta:  8s"
"2",""
"2"," Page 696 / 811 Progression : [===========>--]  86% eta:  8s"
"2",""
"2"," Page 697 / 811 Progression : [===========>--]  86% eta:  8s"
"2",""
"2"," Page 698 / 811 Progression : [===========>--]  86% eta:  8s"
"2",""
"2"," Page 699 / 811 Progression : [===========>--]  86% eta:  8s"
"2",""
"2"," Page 700 / 811 Progression : [===========>--]  86% eta:  8s"
"2",""
"2"," Page 701 / 811 Progression : [===========>--]  86% eta:  8s"
"2",""
"2"," Page 702 / 811 Progression : [===========>--]  87% eta:  8s"
"2",""
"2"," Page 703 / 811 Progression : [===========>--]  87% eta:  7s"
"2",""
"2"," Page 704 / 811 Progression : [===========>--]  87% eta:  7s"
"2",""
"2"," Page 705 / 811 Progression : [===========>--]  87% eta:  7s"
"2",""
"2"," Page 706 / 811 Progression : [===========>--]  87% eta:  7s"
"2",""
"2"," Page 707 / 811 Progression : [===========>--]  87% eta:  7s"
"2",""
"2"," Page 708 / 811 Progression : [===========>--]  87% eta:  7s"
"2",""
"2"," Page 709 / 811 Progression : [===========>--]  87% eta:  7s"
"2",""
"2"," Page 710 / 811 Progression : [===========>--]  88% eta:  7s"
"2",""
"2"," Page 711 / 811 Progression : [===========>--]  88% eta:  7s"
"2",""
"2"," Page 712 / 811 Progression : [===========>--]  88% eta:  7s"
"2",""
"2"," Page 713 / 811 Progression : [===========>--]  88% eta:  7s"
"2",""
"2"," Page 714 / 811 Progression : [===========>--]  88% eta:  7s"
"2",""
"2"," Page 715 / 811 Progression : [===========>--]  88% eta:  7s"
"2",""
"2"," Page 716 / 811 Progression : [===========>--]  88% eta:  7s"
"2",""
"2"," Page 717 / 811 Progression : [===========>--]  88% eta:  7s"
"2",""
"2"," Page 718 / 811 Progression : [===========>--]  89% eta:  6s"
"2",""
"2"," Page 719 / 811 Progression : [===========>--]  89% eta:  6s"
"2",""
"2"," Page 720 / 811 Progression : [===========>--]  89% eta:  6s"
"2",""
"2"," Page 721 / 811 Progression : [===========>--]  89% eta:  6s"
"2",""
"2"," Page 722 / 811 Progression : [===========>--]  89% eta:  6s"
"2",""
"2"," Page 723 / 811 Progression : [===========>--]  89% eta:  6s"
"2",""
"2"," Page 724 / 811 Progression : [===========>--]  89% eta:  6s"
"2",""
"2"," Page 725 / 811 Progression : [============>-]  89% eta:  6s"
"2",""
"2"," Page 726 / 811 Progression : [============>-]  90% eta:  6s"
"2",""
"2"," Page 727 / 811 Progression : [============>-]  90% eta:  6s"
"2",""
"2"," Page 728 / 811 Progression : [============>-]  90% eta:  6s"
"2",""
"2"," Page 729 / 811 Progression : [============>-]  90% eta:  6s"
"2",""
"2"," Page 730 / 811 Progression : [============>-]  90% eta:  6s"
"2",""
"2"," Page 731 / 811 Progression : [============>-]  90% eta:  6s"
"2",""
"2"," Page 732 / 811 Progression : [============>-]  90% eta:  6s"
"2",""
"2"," Page 733 / 811 Progression : [============>-]  90% eta:  5s"
"2",""
"2"," Page 734 / 811 Progression : [============>-]  91% eta:  5s"
"2",""
"2"," Page 735 / 811 Progression : [============>-]  91% eta:  5s"
"2",""
"2"," Page 736 / 811 Progression : [============>-]  91% eta:  5s"
"2",""
"2"," Page 737 / 811 Progression : [============>-]  91% eta:  5s"
"2",""
"2"," Page 738 / 811 Progression : [============>-]  91% eta:  5s"
"2",""
"2"," Page 739 / 811 Progression : [============>-]  91% eta:  5s"
"2",""
"2"," Page 740 / 811 Progression : [============>-]  91% eta:  5s"
"2",""
"2"," Page 741 / 811 Progression : [============>-]  91% eta:  5s"
"2",""
"2"," Page 742 / 811 Progression : [============>-]  91% eta:  5s"
"2",""
"2"," Page 743 / 811 Progression : [============>-]  92% eta:  5s"
"2",""
"2"," Page 744 / 811 Progression : [============>-]  92% eta:  5s"
"2",""
"2"," Page 745 / 811 Progression : [============>-]  92% eta:  5s"
"2",""
"2"," Page 746 / 811 Progression : [============>-]  92% eta:  5s"
"2",""
"2"," Page 747 / 811 Progression : [============>-]  92% eta:  5s"
"2",""
"2"," Page 748 / 811 Progression : [============>-]  92% eta:  4s"
"2",""
"2"," Page 749 / 811 Progression : [============>-]  92% eta:  4s"
"2",""
"2"," Page 750 / 811 Progression : [============>-]  92% eta:  4s"
"2",""
"2"," Page 751 / 811 Progression : [============>-]  93% eta:  4s"
"2",""
"2"," Page 752 / 811 Progression : [============>-]  93% eta:  4s"
"2",""
"2"," Page 753 / 811 Progression : [============>-]  93% eta:  4s"
"2",""
"2"," Page 754 / 811 Progression : [============>-]  93% eta:  4s"
"2",""
"2"," Page 755 / 811 Progression : [============>-]  93% eta:  4s"
"2",""
"2"," Page 756 / 811 Progression : [============>-]  93% eta:  4s"
"2",""
"2"," Page 757 / 811 Progression : [============>-]  93% eta:  4s"
"2",""
"2"," Page 758 / 811 Progression : [============>-]  93% eta:  4s"
"2",""
"2"," Page 759 / 811 Progression : [============>-]  94% eta:  4s"
"2",""
"2"," Page 760 / 811 Progression : [============>-]  94% eta:  4s"
"2",""
"2"," Page 761 / 811 Progression : [============>-]  94% eta:  4s"
"2",""
"2"," Page 762 / 811 Progression : [============>-]  94% eta:  4s"
"2",""
"2"," Page 763 / 811 Progression : [============>-]  94% eta:  3s"
"2",""
"2"," Page 764 / 811 Progression : [============>-]  94% eta:  3s"
"2",""
"2"," Page 765 / 811 Progression : [============>-]  94% eta:  3s"
"2",""
"2"," Page 766 / 811 Progression : [============>-]  94% eta:  3s"
"2",""
"2"," Page 767 / 811 Progression : [============>-]  95% eta:  3s"
"2",""
"2"," Page 768 / 811 Progression : [============>-]  95% eta:  3s"
"2",""
"2"," Page 769 / 811 Progression : [============>-]  95% eta:  3s"
"2",""
"2"," Page 770 / 811 Progression : [============>-]  95% eta:  3s"
"2",""
"2"," Page 771 / 811 Progression : [============>-]  95% eta:  3s"
"2",""
"2"," Page 772 / 811 Progression : [============>-]  95% eta:  3s"
"2",""
"2"," Page 773 / 811 Progression : [============>-]  95% eta:  3s"
"2",""
"2"," Page 774 / 811 Progression : [============>-]  95% eta:  3s"
"2",""
"2"," Page 775 / 811 Progression : [============>-]  96% eta:  3s"
"2",""
"2"," Page 776 / 811 Progression : [============>-]  96% eta:  3s"
"2",""
"2"," Page 777 / 811 Progression : [============>-]  96% eta:  2s"
"2",""
"2"," Page 778 / 811 Progression : [============>-]  96% eta:  2s"
"2",""
"2"," Page 779 / 811 Progression : [============>-]  96% eta:  2s"
"2",""
"2"," Page 780 / 811 Progression : [============>-]  96% eta:  2s"
"2",""
"2"," Page 781 / 811 Progression : [============>-]  96% eta:  2s"
"2",""
"2"," Page 782 / 811 Progression : [============>-]  96% eta:  2s"
"2",""
"2"," Page 783 / 811 Progression : [=============>]  97% eta:  2s"
"2",""
"2"," Page 784 / 811 Progression : [=============>]  97% eta:  2s"
"2",""
"2"," Page 785 / 811 Progression : [=============>]  97% eta:  2s"
"2",""
"2"," Page 786 / 811 Progression : [=============>]  97% eta:  2s"
"2",""
"2"," Page 787 / 811 Progression : [=============>]  97% eta:  2s"
"2",""
"2"," Page 788 / 811 Progression : [=============>]  97% eta:  2s"
"2",""
"2"," Page 789 / 811 Progression : [=============>]  97% eta:  2s"
"2",""
"2"," Page 790 / 811 Progression : [=============>]  97% eta:  2s"
"2",""
"2"," Page 791 / 811 Progression : [=============>]  98% eta:  1s"
"2",""
"2"," Page 792 / 811 Progression : [=============>]  98% eta:  1s"
"2",""
"2"," Page 793 / 811 Progression : [=============>]  98% eta:  1s"
"2",""
"2"," Page 794 / 811 Progression : [=============>]  98% eta:  1s"
"2",""
"2"," Page 795 / 811 Progression : [=============>]  98% eta:  1s"
"2",""
"2"," Page 796 / 811 Progression : [=============>]  98% eta:  1s"
"2",""
"2"," Page 797 / 811 Progression : [=============>]  98% eta:  1s"
"2",""
"2"," Page 798 / 811 Progression : [=============>]  98% eta:  1s"
"2",""
"2"," Page 799 / 811 Progression : [=============>]  99% eta:  1s"
"2",""
"2"," Page 800 / 811 Progression : [=============>]  99% eta:  1s"
"2",""
"2"," Page 801 / 811 Progression : [=============>]  99% eta:  1s"
"2",""
"2"," Page 802 / 811 Progression : [=============>]  99% eta:  1s"
"2",""
"2"," Page 803 / 811 Progression : [=============>]  99% eta:  1s"
"2",""
"2"," Page 804 / 811 Progression : [=============>]  99% eta:  1s"
"2",""
"2"," Page 805 / 811 Progression : [=============>]  99% eta:  0s"
"2",""
"2"," Page 806 / 811 Progression : [=============>]  99% eta:  0s"
"2",""
"2"," Page 807 / 811 Progression : [=============>] 100% eta:  0s"
"2",""
"2"," Page 808 / 811 Progression : [=============>] 100% eta:  0s"
"2",""
"2"," Page 809 / 811 Progression : [=============>] 100% eta:  0s"
"2",""
"2"," Page 810 / 811 Progression : [=============>] 100% eta:  0s"
"2",""
"2"," Page 811 / 811 Progression : [==============] 100% eta:  0s"
"2","
"
